cluster_id,gaia_name,catalogue_file,n_sources,n_finite_pm,n_finite_phot,n_p50,n_p70,n_p90,n_p95,n_primary_q2_p90,median_density_arcmin2,p90_density_arcmin2,median_g,median_bp_rp,median_pmra,median_pmdec
AM_1,AM_1,catalogues/AM_1.txt,79,79,77,58,57,57,56,38,24.67,91.52000000000004,20.6122,0.9471,0.6473,-0.2952
AM_4,AM_4,catalogues/AM_4.txt,41,41,41,8,8,4,4,4,3.479,7.522,19.5888,1.2089,-5.8713,-2.949
ARP_2,Arp_2,catalogues/Arp_2.txt,582,582,564,285,272,232,199,152,23.22,37.887,19.29565,1.0698,-2.2396000000000003,-1.86435
BH_140,BH_140,catalogues/BH_140.txt,32950,32950,28480,6126,6014,5706,5410,3356,98.63,145.3,19.724649999999997,1.5279,-7.04725,-0.20215
BH_176,BH_176,catalogues/BH_176.txt,3535,3535,2919,355,240,130,101,79,116.4,174.67999999999998,19.57,1.5753,-4.5661,-3.6597
BH_261_AL_3,BH_261_AL_3,catalogues/BH_261_AL_3.txt,2284,2284,1649,123,105,77,64,16,173.1,215.17000000000002,18.351750000000003,1.3394,-1.65605,-4.655
BLISS_1,Bliss_1,catalogues/Bliss_1.txt,160,160,158,10,10,9,7,8,5.7785,6.2471,19.122799999999998,1.2529,-5.9727,0.1724
CRATER,Crater,catalogues/Crater.txt,42,42,41,16,15,14,14,8,1.767,17.004999999999995,19.41755,1.0528,-1.5064000000000002,-0.4026
DJORG_1,Djorg_1,catalogues/Djorg_1.txt,1874,1874,1463,211,156,90,63,35,142.1,183.17,19.28465,3.1577,-2.96985,-5.48975
DJORG_2_ESO456,Djorg_2_ESO456-,catalogues/Djorg_2_ESO456-.txt,2322,2322,1679,63,40,23,20,11,175.2,220.39000000000001,17.9394,2.1711,-1.83955,-4.4191
E_3,E_3,catalogues/E_3.txt,738,738,712,459,454,425,397,379,17.785,59.24700000000004,19.62095,1.23915,-2.86585,7.0372
ERIDANUS,Eridanus,catalogues/Eridanus.txt,99,99,96,44,43,43,43,36,1.718,37.766,19.7767,1.1625,0.7546,-0.3813
ESO280_06,ESO280-06,catalogues/ESO280-06.txt,660,660,608,127,109,67,51,37,47.32,150.97000000000003,19.49915,1.0821,-1.19495,-3.89245
ESO452_11,ESO452-11,catalogues/ESO452-11.txt,635,635,574,271,249,189,155,100,45.42,197.90000000000015,19.746,1.5108000000000001,-1.8251,-5.8198
ESO_93_8,ESO_93-8,catalogues/ESO_93-8.txt,1140,1140,975,207,156,78,49,42,86.055,161.32000000000005,19.81895,1.5934,-5.401,1.6532499999999999
FSR_1716,FSR_1716,catalogues/FSR_1716.txt,6707,6707,5643,534,444,320,257,122,131.0,141.94000000000005,19.4122,2.1185,-3.8131,-4.3642
FSR_1735,FSR_1735,catalogues/FSR_1735.txt,830,830,764,174,154,110,88,49,64.285,83.34200000000001,19.6346,2.67105,-2.8192000000000004,-3.2714
FSR_1758,FSR_1758,catalogues/FSR_1758.txt,36201,36201,30224,2024,1900,1640,1458,669,113.5,122.4,19.148,1.9116,-2.1204,-3.9165
GRAN_1,Gran_1,catalogues/Gran_1.txt,2185,2185,1643,78,60,45,39,14,168.2,197.06,19.02,2.2365,-2.5703,-5.1364
HP_1_BH_229,HP_1_BH_229,catalogues/HP_1_BH_229.txt,5773,5773,3980,522,500,454,423,61,196.0,241.78000000000003,18.6606,2.6748000000000003,-2.3391,-5.2431
IC1257,IC_1257,catalogues/IC_1257.txt,292,292,266,133,129,118,108,55,22.555,284.76000000000016,19.883499999999998,1.79475,-1.1719499999999998,-1.90165
IC1276,IC_1276_Pal_7,catalogues/IC_1276_Pal_7.txt,13335,13335,11802,5776,4701,2714,1727,1238,63.37,170.1,19.9718,2.2849,-2.3626,-4.505
IC4499,IC_4499,catalogues/IC_4499.txt,3410,3410,3024,2407,2343,2188,2041,1207,65.445,269.3,20.1285,1.08575,0.2848,-0.6035999999999999
KIM_3,Kim_3,catalogues/Kim_3.txt,60,60,60,9,9,8,7,6,4.835,7.5728,19.53525,1.0986500000000001,-4.738849999999999,-1.4910999999999999
KO_1,Ko_1,catalogues/Ko_1.txt,15,15,15,6,6,6,6,4,3.33,49.741999999999976,18.4677,1.0643,-2.4502,-2.1529
KO_2,Ko_2,catalogues/Ko_2.txt,29,29,29,7,6,6,5,4,2.659,11.265999999999998,19.7772,1.5044,-1.4792,-3.3657
LAEVENS_3,Laevens_3,catalogues/Laevens_3.txt,101,101,98,22,18,16,14,13,8.065,17.11,19.0822,1.06045,-0.2987,-2.7401
LILLER_1,Liller_1,catalogues/Liller_1.txt,1205,1205,1047,83,65,41,33,0,95.65,107.56000000000002,19.3949,2.5653,-1.273,-2.9124
LYNGA_7_BH184,Lynga_7_BH184,catalogues/Lynga_7_BH184.txt,10367,10367,7571,1849,1326,728,503,297,195.6,296.73999999999995,19.7611,1.7431,-3.9684,-5.0698
MERCER_5,Mercer_5,catalogues/Mercer_5.txt,186,186,168,41,33,21,14,0,56.754999999999995,72.545,19.636200000000002,2.8333,-1.1587999999999998,-3.66975
MUNOZ_1,Munoz_1,catalogues/Munoz_1.txt,26,26,26,6,5,4,4,4,1.0470000000000002,2.607,19.67435,1.3571499999999999,-0.4955,-1.26965
NGC0104,NGC_104_47Tuc,catalogues/NGC_104_47Tuc.txt,144761,144761,121365,110299,109318,107056,105316,56103,98.93,280.2,19.0363,0.9692,5.1357,-2.4221
NGC1261,NGC_1261,catalogues/NGC_1261.txt,6084,6084,4393,4889,4745,4422,4172,2065,217.35000000000002,468.3399999999999,19.789749999999998,0.7317,1.63665,-2.05085
NGC1851,NGC_1851,catalogues/NGC_1851.txt,12688,12688,9608,10540,10356,9943,9619,4648,189.7,379.5,19.698,0.7777,2.1281,-0.6217
NGC1904,NGC_1904_M_79,catalogues/NGC_1904_M_79.txt,7942,7942,5812,6610,6495,6163,5852,2760,209.05,463.5,19.7649,0.7323999999999999,2.4696,-1.5894
NGC2298,NGC_2298,catalogues/NGC_2298.txt,4190,4190,3177,3291,3246,3165,3089,1470,126.75,561.91,19.732599999999998,0.9718,3.2233,-2.0801499999999997
NGC2419,NGC_2419,catalogues/NGC_2419.txt,1878,1878,1534,1563,1524,1441,1353,645,79.85,447.48999999999995,19.900399999999998,1.04705,-0.038400000000000004,-0.56065
NGC2808,NGC_2808,catalogues/NGC_2808.txt,32225,32225,26168,19088,18588,17475,16528,7879,114.8,313.0,19.4965,1.04495,0.5791,0.6079
NGC0288,NGC_288,catalogues/NGC_288.txt,12191,12191,9574,10966,10858,10591,10352,5845,142.1,363.6,19.6175,0.7411,4.1629,-5.6918
NGC3201,NGC_3201,catalogues/NGC_3201.txt,63171,63171,55859,32493,32408,32198,32028,18553,30.88,299.7,19.3694,1.1787,7.1623,-1.2856
NGC0362,NGC_362,catalogues/NGC_362.txt,19537,19537,15466,14239,13997,13499,13073,6306,151.3,331.9,19.4186,0.7735,6.5692,-2.4267
NGC4147,NGC_4147,catalogues/NGC_4147.txt,1419,1419,1108,1210,1187,1129,1085,474,120.0,419.26,19.9601,0.7068,-1.7597,-2.1516
NGC4372,NGC_4372,catalogues/NGC_4372.txt,37075,37075,31145,22644,21817,19750,17950,10189,83.72,300.9,19.6958,1.4201,-6.4428,2.9057
NGC4590,NGC_4590_M_68,catalogues/NGC_4590_M_68.txt,10305,10305,8386,8491,8384,8094,7842,4124,77.38,370.32000000000005,19.6272,0.75755,-2.8036,1.7183
NGC4833,NGC_4833,catalogues/NGC_4833.txt,30883,30883,25567,13279,11939,8770,6563,3320,70.44,347.4,19.4301,1.2585,-8.0487,-0.9195
NGC5024,NGC_5024_M_53,catalogues/NGC_5024_M_53.txt,11051,11051,9326,9826,9742,9512,9272,4961,81.56,301.5,19.9552,0.70295,-0.1843,-1.3651
NGC5053,NGC_5053,catalogues/NGC_5053.txt,3245,3245,3064,2750,2734,2694,2664,2008,35.59,117.4,20.1101,0.6648499999999999,-0.3661,-1.2968
NGC5139,NGC_5139_oCen,catalogues/NGC_5139_oCen.txt,228055,228055,197343,161656,160172,156530,153167,72932,102.2,196.5,19.057,0.97,-3.4476,-6.5013
NGC5272,NGC_5272_M_3,catalogues/NGC_5272_M_3.txt,28762,28762,24802,25395,25206,24778,24383,13220,110.95,295.4,19.6123,0.7176,-0.17775000000000002,-2.6898
NGC5286,NGC_5286,catalogues/NGC_5286.txt,11760,11760,9784,6777,6585,6067,5638,2286,93.345,256.6,19.5123,1.1762,-0.45775,-0.3836
NGC5466,NGC_5466,catalogues/NGC_5466.txt,5567,5567,4998,4918,4870,4761,4669,3134,72.3,225.04000000000005,20.1011,0.6595,-5.3614,-0.8647
NGC5634,NGC_5634,catalogues/NGC_5634.txt,1734,1734,1355,1403,1389,1349,1316,499,87.815,431.27,19.2395,0.9217,-1.716,-1.4906000000000001
NGC5694,NGC_5694,catalogues/NGC_5694.txt,963,963,807,642,630,600,581,242,32.87,339.02000000000004,19.0492,1.0697,-0.6615,-1.1986
NGC5824,NGC_5824,catalogues/NGC_5824.txt,3488,3488,3061,1876,1780,1597,1465,753,17.52,318.62000000000006,19.0137,1.1275,-1.45925,-2.3004
NGC5897,NGC_5897,catalogues/NGC_5897.txt,8224,8224,6934,6893,6818,6524,6205,3141,102.15,243.86999999999998,19.7968,0.86085,-5.4234,-3.41465
NGC5904,NGC_5904_M_5,catalogues/NGC_5904_M_5.txt,28523,28523,24514,24602,24492,24260,24065,11843,94.59,189.0,19.2626,0.80145,4.0126,-9.8282
NGC5927,NGC_5927,catalogues/NGC_5927.txt,37264,37264,31143,9093,6068,2616,1690,1058,107.0,205.4,19.527,1.4904,-5.0229,-3.4370000000000003
NGC5946,NGC_5946,catalogues/NGC_5946.txt,9757,9757,7971,1538,1183,668,499,186,110.3,227.27999999999992,19.6117,1.6401,-5.0282,-3.3229
NGC5986,NGC_5986,catalogues/NGC_5986.txt,11293,11293,9392,5930,5350,3931,2890,1475,100.7,278.1800000000001,19.5468,1.2059,-4.1977,-4.4666
NGC6093,NGC_6093_M_80,catalogues/NGC_6093_M_80.txt,7749,7749,6546,4734,4481,3849,3233,1599,101.1,252.0,19.4444,1.04115,-2.952,-5.483
NGC6101,NGC_6101,catalogues/NGC_6101.txt,13365,13365,11327,7836,7684,7272,6902,3836,65.81,351.0200000000001,19.9333,0.9279,1.303,-0.7082
NGC6121,NGC_6121_M_4,catalogues/NGC_6121_M_4.txt,69417,69417,65263,26352,26272,26109,25955,14607,20.47,160.2,19.2235,1.4377,-6.5175,-6.95
NGC6139,NGC_6139,catalogues/NGC_6139.txt,11679,11679,10431,2725,2351,1727,1380,585,47.35,173.82000000000008,19.589,1.8426,-4.4219,-3.1839
NGC6144,NGC_6144,catalogues/NGC_6144.txt,5618,5618,4562,3852,3682,3168,2737,1308,100.3,326.76000000000005,19.7404,1.32185,-1.81135,-2.67335
NGC6171,NGC_6171_M107,catalogues/NGC_6171_M107.txt,10684,10684,8547,8503,8373,7999,7602,3915,111.15,378.37000000000006,19.4601,1.3244,-1.96305,-5.93765
NGC6205,NGC_6205_M_13,catalogues/NGC_6205_M_13.txt,37720,37720,29304,32244,31878,31035,30323,14484,187.85000000000002,326.7,19.3405,0.7638,-3.137,-2.5871
NGC6218,NGC_6218_M_12,catalogues/NGC_6218_M_12.txt,22224,22224,17554,17758,17545,16974,16447,8123,132.5,379.3,19.209449999999997,1.0534,-0.24495,-6.7651
NGC6229,NGC_6229,catalogues/NGC_6229.txt,1597,1597,1184,1170,1135,1046,970,427,146.9,539.0,19.0676,0.9385,-1.1693,-0.5059
NGC6235,NGC_6235,catalogues/NGC_6235.txt,3270,3270,2753,1803,1694,1448,1246,623,75.91,302.0799999999999,19.773,1.2942,-3.78795,-7.13265
NGC6254,NGC_6254_M_10,catalogues/NGC_6254_M_10.txt,32290,32290,26927,22441,22006,20982,20070,10037,87.405,309.2,19.3718,1.1276,-4.63915,-6.51965
NGC6256,NGC_6256,catalogues/NGC_6256.txt,3918,3918,3394,800,674,441,335,168,68.01,204.59000000000006,19.573349999999998,2.3331999999999997,-3.0544000000000002,-2.9399499999999996
NGC6266,NGC_6266_M_62,catalogues/NGC_6266_M_62.txt,53912,53912,42216,12752,9342,4354,2396,1653,164.9,214.6,19.541849999999997,1.47545,-4.05065,-3.64415
NGC6273,NGC_6273_M_19,catalogues/NGC_6273_M_19.txt,39339,39339,31952,9886,9261,7700,6528,2301,113.0,194.2,19.4882,1.2573,-3.1482,-2.8592
NGC6284,NGC_6284,catalogues/NGC_6284.txt,6029,6029,4845,1494,1201,766,578,185,104.6,295.71999999999997,19.5417,1.2488,-3.0909,-3.09
NGC6287,NGC_6287,catalogues/NGC_6287.txt,6892,6892,5869,2999,2743,2161,1730,691,52.81,276.19000000000005,19.795949999999998,1.7009,-4.265499999999999,-2.31495
NGC6293,NGC_6293,catalogues/NGC_6293.txt,13080,13080,9955,2042,1686,1070,764,285,149.2,258.3,19.567050000000002,1.4237,-2.16585,-4.409800000000001
NGC6304,NGC_6304,catalogues/NGC_6304.txt,15428,15428,11104,1703,1366,845,626,232,191.7,208.0,19.124450000000003,1.6254,-3.40855,-4.13535
NGC6316,NGC_6316,catalogues/NGC_6316.txt,9463,9463,6988,766,570,345,230,95,182.6,206.1,19.4068,1.7438,-3.5422,-4.5967
NGC6325,NGC_6325,catalogues/NGC_6325.txt,2726,2726,2284,1036,971,840,736,302,89.625,230.6,19.78085,2.1029,-5.3434,-6.8043
NGC6333,NGC_6333_M_9,catalogues/NGC_6333_M_9.txt,22807,22807,18791,6191,4688,2335,1510,926,107.6,239.6,19.6737,1.3377,-2.2407,-3.5666
NGC6341,NGC_6341_M_92,catalogues/NGC_6341_M_92.txt,18601,18601,14232,15282,15042,14447,13974,6925,192.0,345.4,19.466,0.7191,-4.9046,-0.6627
NGC6342,NGC_6342,catalogues/NGC_6342.txt,6587,6587,5221,1856,1466,810,472,298,119.2,275.24000000000007,19.7778,1.4577,-2.7999,-5.7664
NGC6352,NGC_6352,catalogues/NGC_6352.txt,34948,34948,28530,8376,7026,4651,3296,1783,95.96,252.6299999999999,19.3572,1.2654,-2.2142,-4.60175
NGC6355,NGC_6355,catalogues/NGC_6355.txt,4917,4917,3646,1038,884,645,502,160,164.0,218.92000000000044,19.5284,1.99635,-3.4943,-3.3211
NGC6356,NGC_6356,catalogues/NGC_6356.txt,22584,22584,18907,2241,1541,936,716,361,102.3,173.77000000000007,19.578449999999997,1.2822,-2.81265,-4.1506
NGC6362,NGC_6362,catalogues/NGC_6362.txt,23789,23789,19137,16155,15868,15176,14528,7073,136.4,475.12000000000006,19.5132,0.9135,-5.4084,-4.8039
NGC6366,NGC_6366,catalogues/NGC_6366.txt,13858,13858,12566,9305,9027,8362,7805,5560,42.32,174.8,19.5857,1.7756,-0.4242,-5.13345
NGC6380,NGC_6380_Ton1,catalogues/NGC_6380_Ton1.txt,4287,4287,3570,961,833,598,464,146,71.96,276.14000000000004,18.9229,2.51605,-2.0359,-3.6061
NGC6388,NGC_6388,catalogues/NGC_6388.txt,35425,35425,30237,5150,3869,2210,1664,600,99.53,188.8,19.4073,1.3845,-1.7153,-3.9682
NGC6397,NGC_6397,catalogues/NGC_6397.txt,103786,103786,93341,35807,35648,35247,34882,20293,45.26,181.9,19.2696,1.1846,0.1084,-7.499
NGC6401,NGC_6401,catalogues/NGC_6401.txt,4852,4852,3642,646,574,450,388,115,160.4,230.57000000000016,18.879649999999998,2.1917999999999997,-2.6948999999999996,-3.5374999999999996
NGC6402,NGC_6402_M_14,catalogues/NGC_6402_M_14.txt,13445,13445,10666,9341,8862,7491,6289,3007,152.8,313.96000000000004,19.7249,1.55445,-3.4774,-5.0457
NGC6426,NGC_6426,catalogues/NGC_6426.txt,1396,1396,1269,682,643,556,500,260,30.795,211.15,19.660400000000003,1.3479,-1.8182,-3.1322
NGC6440,NGC_6440,catalogues/NGC_6440.txt,4801,4801,3621,1301,1057,703,491,177,146.3,345.1,19.0102,2.4369,-1.5419,-4.1514
NGC6441,NGC_6441,catalogues/NGC_6441.txt,22109,22109,15763,2955,2246,1278,811,369,188.0,238.82000000000008,18.9456,1.6081,-2.4893,-5.2162
NGC6453,NGC_6453,catalogues/NGC_6453.txt,6086,6086,4127,433,347,228,180,58,206.1,253.6,18.6202,1.7537,-1.96345,-5.1797
NGC6496,NGC_6496,catalogues/NGC_6496.txt,8632,8632,6771,3490,3288,2737,2306,924,108.6,346.8700000000001,19.61385,1.1975,-2.73495,-7.7765
NGC6517,NGC_6517,catalogues/NGC_6517.txt,3146,3146,2643,1373,1184,873,686,271,60.55,285.6,19.58025,2.315,-1.61225,-4.4323999999999995
NGC6522,NGC_6522,catalogues/NGC_6522.txt,5257,5257,3810,553,495,402,339,60,182.2,201.6,17.8302,1.5934499999999998,-1.3463,-5.4825
NGC6528,NGC_6528,catalogues/NGC_6528.txt,2426,2426,1719,235,177,114,78,16,177.1,282.35,18.1478,1.8078,-2.12905,-5.2593499999999995
NGC6535,NGC_6535,catalogues/NGC_6535.txt,2764,2764,2446,1250,1180,995,891,565,50.785,253.67000000000002,19.626350000000002,1.3779,-3.71665,-3.1967999999999996
NGC6539,NGC_6539,catalogues/NGC_6539.txt,6527,6527,5780,2240,2150,1949,1776,798,48.4,203.44000000000005,19.585,2.1946000000000003,-3.7354,-3.6902
NGC6540,NGC_6540_Djorg,catalogues/NGC_6540_Djorg.txt,2415,2415,1769,116,90,57,40,13,187.0,212.2,17.8266,1.5503,-2.505,-4.3782
NGC6541,NGC_6541,catalogues/NGC_6541.txt,37666,37666,32168,11471,10831,9399,8166,3330,72.34,227.1,19.339550000000003,1.0,-0.45525000000000004,-6.6225000000000005
NGC6544,NGC_6544,catalogues/NGC_6544.txt,45816,45816,35151,9379,9301,9097,8943,2602,139.0,184.4,19.0182,2.3989,-2.0112,-5.35605
NGC6553,NGC_6553,catalogues/NGC_6553.txt,19343,19343,14370,2758,2278,1470,1112,350,170.4,174.1,18.344,2.0514,-1.2915,-3.4664
NGC6558,NGC_6558,catalogues/NGC_6558.txt,5206,5206,3738,296,223,119,84,28,173.8,221.8,18.8582,1.4009,-1.8987500000000002,-4.621
NGC6569,NGC_6569,catalogues/NGC_6569.txt,9180,9180,6580,1439,1178,857,682,253,172.0,234.3,19.1632,1.609,-2.7025,-5.617900000000001
NGC6584,NGC_6584,catalogues/NGC_6584.txt,5840,5840,4801,3312,3127,2614,2196,1047,84.495,337.1300000000001,19.57625,0.9221,-0.2087,-7.0733999999999995
NGC6624,NGC_6624,catalogues/NGC_6624.txt,8578,8578,6369,1444,1181,723,506,181,160.2,205.9,18.998849999999997,1.2592,-1.2517,-5.6662
NGC6626,NGC_6626_M_28,catalogues/NGC_6626_M_28.txt,36300,36300,26153,5054,4527,3395,2626,750,182.0,189.0,18.81875,1.4279,-1.6251,-5.48515
NGC6637,NGC_6637_M_69,catalogues/NGC_6637_M_69.txt,9558,9558,7781,2640,2325,1701,1277,415,110.5,191.3,19.04815,1.0828,-3.09155,-5.43985
NGC6638,NGC_6638,catalogues/NGC_6638.txt,2459,2459,1673,688,540,326,252,92,178.6,336.6400000000001,18.8506,1.4313,-2.4627,-4.2822
NGC6642,NGC_6642,catalogues/NGC_6642.txt,2233,2233,1588,640,512,322,221,83,167.0,260.9,18.9498,1.41385,-0.8975,-4.1274
NGC6652,NGC_6652,catalogues/NGC_6652.txt,3880,3880,2888,1680,1588,1323,1113,387,138.0,332.11,19.248199999999997,1.0257,-4.5222999999999995,-4.32535
NGC6656,NGC_6656_M_22,catalogues/NGC_6656_M_22.txt,194072,194072,149308,36333,36013,35296,34767,8451,149.0,179.1,19.159,1.3195,-1.3636,-5.24375
NGC6681,NGC_6681_M_70,catalogues/NGC_6681_M_70.txt,10679,10679,8771,3759,3395,2544,1978,763,84.83,249.4,19.2403,0.9705,0.275,-4.722
NGC6712,NGC_6712,catalogues/NGC_6712.txt,12097,12097,9183,2884,2753,2465,2214,599,140.4,229.73999999999995,19.0161,1.3825,-1.0467,-4.5746
NGC6715,NGC_6715_M_54,catalogues/NGC_6715_M_54.txt,9975,9975,8302,5594,5207,4187,3507,1710,76.04,258.34000000000015,19.1871,1.10535,-2.5762,-1.6529
NGC6717,NGC_6717_Pal9,catalogues/NGC_6717_Pal9.txt,2588,2588,2087,1377,1227,889,664,289,84.91499999999999,313.55000000000047,19.1056,1.0959,-2.9772499999999997,-4.988250000000001
NGC6723,NGC_6723,catalogues/NGC_6723.txt,15708,15708,13141,8818,8431,7487,6628,2623,80.495,241.5,19.144550000000002,0.9487,0.85345,-2.6178
NGC6749,NGC_6749,catalogues/NGC_6749.txt,7537,7537,6324,2497,1914,1018,669,368,82.77,212.64000000000004,19.5634,2.44165,-2.4225,-5.3906
NGC6752,NGC_6752,catalogues/NGC_6752.txt,54820,54820,47472,41180,40644,39286,38055,21066,80.905,280.6,18.99,0.9428,-3.0703,-4.0899
NGC6760,NGC_6760,catalogues/NGC_6760.txt,13595,13595,11063,2508,1830,1068,804,344,110.8,170.1,19.5018,1.7614,-1.6528,-4.2989
NGC6779,NGC_6779_M_56,catalogues/NGC_6779_M_56.txt,13064,13064,10560,6573,6397,6031,5703,2392,81.03,433.87000000000006,19.6422,1.1061,-2.0597000000000003,0.2062
NGC6809,NGC_6809_M_55,catalogues/NGC_6809_M_55.txt,30889,30889,25088,24521,24332,23845,23330,9508,118.7,246.4,18.9903,0.9265,-3.3588,-9.2379
NGC6838,NGC_6838_M_71,catalogues/NGC_6838_M_71.txt,34560,34560,28861,9275,8381,6828,5821,3360,96.24,249.8,19.276,1.249,-3.0955,-4.233750000000001
NGC6864,NGC_6864_M_75,catalogues/NGC_6864_M_75.txt,2994,2994,2476,2164,2082,1893,1713,691,89.25,396.0100000000001,19.24825,1.10895,-0.5936,-2.84815
NGC6934,NGC_6934,catalogues/NGC_6934.txt,4614,4614,3705,3261,3050,2521,2121,984,107.19999999999999,389.80999999999995,19.80005,0.9005,-2.6174,-4.6998
NGC6981,NGC_6981_M_72,catalogues/NGC_6981_M_72.txt,3510,3510,2681,2996,2944,2783,2640,1103,166.7,417.9,19.879150000000003,0.7779,-1.2479,-3.39435
NGC7006,NGC_7006,catalogues/NGC_7006.txt,1224,1224,989,640,614,568,540,208,25.07,547.07,19.00715,1.068,-0.29145,-0.92235
NGC7078,NGC_7078_M_15,catalogues/NGC_7078_M_15.txt,19770,19770,16826,15698,15294,14167,13172,7268,109.0,270.7,19.63495,0.7945,-0.6656,-3.84395
NGC7089,NGC_7089_M_2,catalogues/NGC_7089_M_2.txt,13189,13189,11188,9685,9477,8863,8350,4583,114.9,215.7,19.4455,0.77615,3.4017,-2.2262
NGC7099,NGC_7099_M_30,catalogues/NGC_7099_M_30.txt,9770,9770,8121,8460,8345,8057,7760,4231,120.6,284.61000000000007,19.4322,0.7364,-0.7107,-7.2791
NGC7492,NGC_7492,catalogues/NGC_7492.txt,531,531,509,468,465,458,444,243,33.68,81.02,19.8713,0.8098,0.7601,-2.3395
PAL01,Pal_1,catalogues/Pal_1.txt,217,217,203,126,118,108,104,80,7.506,187.4200000000001,19.8541,1.0303,-0.082,0.1877
PAL10,Pal_10,catalogues/Pal_10.txt,3358,3358,3036,759,655,459,351,216,57.745,130.7,19.829749999999997,2.46155,-2.8258,-5.8283000000000005
PAL11,Pal_11,catalogues/Pal_11.txt,1354,1354,1272,628,574,438,334,243,30.369999999999997,117.07000000000001,19.8399,1.26155,-1.7687499999999998,-4.99145
PAL12,Pal_12,catalogues/Pal_12.txt,501,501,479,394,387,372,355,262,24.0,122.9,20.0523,0.7601,-3.1855,-3.4687
PAL13,Pal_13,catalogues/Pal_13.txt,103,103,103,72,72,70,68,51,7.018,49.49399999999999,19.873,0.9806,1.684,0.0092
PAL14,Pal_14,catalogues/Pal_14.txt,229,229,228,95,92,85,79,75,2.278,15.728000000000002,19.7279,1.07035,-0.8785,-0.8454
PAL15,Pal_15,catalogues/Pal_15.txt,393,393,392,152,144,119,101,104,7.306,19.192,19.8948,1.42845,-0.8875,-1.5964
PAL02,Pal_2,catalogues/Pal_2.txt,607,607,508,469,443,377,329,136,71.54,321.58,19.7018,2.3407999999999998,1.0303,-1.589
PAL03,Pal_3,catalogues/Pal_3.txt,85,85,83,61,61,60,60,37,7.401,41.83200000000002,19.8995,1.0764,-0.0618,-0.2638
PAL04,Pal_4,catalogues/Pal_4.txt,117,117,112,96,96,95,95,71,15.92,74.508,20.2158,1.09795,-0.1576,-0.5507
PAL05,Pal_5,catalogues/Pal_5.txt,824,824,813,490,473,423,378,308,5.116,13.823000000000004,20.0289,0.9074,-2.7546999999999997,-2.77155
PAL06,Pal_6,catalogues/Pal_6.txt,5377,5377,3819,479,421,355,315,62,178.0,245.14000000000004,18.8261,3.0396,-2.9994,-5.0649
PAL08,Pal_8,catalogues/Pal_8.txt,6353,6353,5052,892,690,438,346,127,112.9,207.48000000000002,19.352,1.4353,-2.0015,-5.139
PFLEIDERER_2,Pfleiderer_2,catalogues/Pfleiderer_2.txt,865,865,830,155,121,72,60,59,28.01,46.868,19.786,2.02185,-2.3556,-4.2758
PYXIS,Pyxis,catalogues/Pyxis.txt,584,584,566,130,122,114,107,97,20.335,27.018,19.308349999999997,1.2875,-3.1963999999999997,2.2625
RUP_106,Rup_106,catalogues/Rup_106.txt,1378,1378,1275,824,787,687,594,418,64.03999999999999,175.3,20.08645,1.0507,-1.91415,0.3214
RYU_059_RLGC1,Ryu_059_RLGC1,catalogues/Ryu_059_RLGC1.txt,141,141,133,80,76,68,61,30,40.34,145.2,19.72,2.7106,0.4034,-0.0887
RYU_879_RLGC2,Ryu_879_RLGC2,catalogues/Ryu_879_RLGC2.txt,347,347,258,37,24,14,11,3,177.9,220.5,19.2337,2.3838,-1.8959,-3.9746
SEGUE_3,Segue_3,catalogues/Segue_3.txt,76,76,75,23,23,19,17,16,5.083500000000001,30.564999999999998,19.1548,1.0534,-1.225,-2.3859500000000002
TERZAN_10,Terzan_10,catalogues/Terzan_10.txt,3600,3600,2881,245,216,155,127,35,122.9,146.32,19.340400000000002,2.8827,-1.77195,-3.3856
TERZAN_12,Terzan_12,catalogues/Terzan_12.txt,2238,2238,1952,444,420,373,342,126,73.13499999999999,123.7,19.4054,3.1603,-2.50095,-3.4164000000000003
TERZAN_1_HP_2,Terzan_1_HP_2,catalogues/Terzan_1_HP_2.txt,4341,4341,3205,722,574,314,188,75,134.0,269.1,19.3482,3.3898,-2.3344,-4.405
TERZAN_2_HP_3,Terzan_2_HP_3,catalogues/Terzan_2_HP_3.txt,1816,1816,1405,312,239,161,106,37,128.6,258.0,19.1477,3.1695,-2.5189500000000002,-5.44165
TERZAN_3,Terzan_3,catalogues/Terzan_3.txt,4714,4714,4228,2152,1945,1444,1084,853,54.79,131.8,19.8519,1.6987,-4.925,-2.1988
TERZAN_4_HP_4,Terzan_4_HP_4,catalogues/Terzan_4_HP_4.txt,2825,2825,2368,238,186,103,71,27,91.22,142.55999999999997,19.5019,2.9295999999999998,-2.0581,-3.5347
TERZAN_5_11,Terzan_5_11,catalogues/Terzan_5_11.txt,3723,3723,2872,1191,944,463,243,152,120.7,278.1,19.5716,3.44265,-1.7496,-4.7978
TERZAN_6_HP_5,Terzan_6_HP_5,catalogues/Terzan_6_HP_5.txt,1886,1886,1449,239,176,96,48,30,136.85000000000002,235.65,19.66015,3.2731,-3.08795,-5.499
TERZAN_7,Terzan_7,catalogues/Terzan_7.txt,812,812,762,392,359,297,239,155,26.564999999999998,146.48,19.789949999999997,0.98735,-2.7465,-2.2442
TERZAN_8,Terzan_8,catalogues/Terzan_8.txt,1166,1166,1133,597,572,511,456,390,15.86,46.66,19.4991,1.0867,-2.3623000000000003,-1.88055
TERZAN_9,Terzan_9,catalogues/Terzan_9.txt,4507,4507,3312,427,346,216,153,54,153.8,181.18,19.1958,3.03695,-2.0635,-4.8826
TON2_PISMIS26,Ton2_Pismis26,catalogues/Ton2_Pismis26.txt,2578,2578,2163,807,779,707,657,201,80.33,207.72000000000006,19.1695,2.5995,-3.61835,-2.5591999999999997
UKS_1,UKS_1,catalogues/UKS_1.txt,775,775,681,109,64,19,7,2,57.97,118.76,19.7347,3.1064,-1.169,-2.8309
VVV_CL001,VVV_CL001,catalogues/VVV_CL001.txt,208,208,185,24,18,8,4,1,67.475,98.40800000000003,19.8292,3.0363,-1.65985,-2.3096
VVV_CL002,VVV_CL002,catalogues/VVV_CL002.txt,141,141,133,14,14,14,14,3,38.65,83.86,19.6754,3.1691,-2.124,-2.7059
WHITING_1,Whiting_1,catalogues/Whiting_1.txt,55,55,55,41,40,36,35,20,5.064,55.842,20.0515,1.0381,-0.2347,-2.1512
